,Age Group,Survived_mean
0,"(0.34, 16.336]",0.55
1,"(16.336, 32.252]",0.3441682600382409
2,"(32.252, 48.168]",0.40425531914893614
3,"(48.168, 64.084]",0.43478260869565216
4,"(64.084, 80.0]",0.09090909090909091
